time_ms,cpu_usage,workers_active
11,10,1
21,10,1
32,45,2
42,45,2
52,80,3
63,80,3
73,90,4
83,90,4
93,100,5
104,100,5
114,100,5
125,100,5
135,100,5
147,100,5
157,100,5
167,100,5
177,100,5
187,100,5
198,100,5
208,100,5
218,100,5
228,100,5
238,100,5
248,100,5
258,100,5
268,100,5
278,100,5
289,100,5
299,100,5
309,100,5
319,100,5
329,100,5
339,100,5
349,100,5
359,100,5
369,100,5
380,100,5
390,100,5
400,100,5
410,100,5
420,100,5
430,100,5
440,100,5
450,100,5
460,100,5
470,100,5
481,100,5
491,100,5
501,100,5
511,100,5
521,100,5
531,100,5
541,100,5
551,100,5
562,100,5
572,100,5
582,100,5
592,100,5
602,100,5
612,100,5
622,100,5
632,100,5
642,100,5
653,100,5
663,100,5
673,100,5
683,100,5
693,100,5
703,100,5
713,100,5
723,100,5
734,100,5
744,100,5
754,100,5
764,100,5
774,100,5
784,100,5
794,100,5
804,100,5
814,100,5
825,100,5
835,100,5
845,100,5
855,100,5
865,100,5
875,100,5
885,100,5
895,100,5
905,100,5
916,100,5
926,100,5
936,100,5
946,100,5
956,100,5
966,100,5
976,100,5
986,100,5
997,100,5
1007,100,5
1018,100,5
1028,100,5
1038,100,5
1049,100,5
1059,100,5
1069,100,5
1079,100,5
1089,100,5
1099,100,5
1109,100,5
1120,100,5
1130,100,5
1140,100,5
1150,100,5
1160,100,5
1170,100,5
1180,100,5
1190,100,5
1200,100,5
1211,100,5
1221,100,5
1231,100,5
1241,100,5
1251,100,5
1261,100,5
1271,100,5
1281,100,5
1291,100,5
1302,100,5
1312,100,5
1322,100,5
1332,100,5
1342,100,5
1352,100,5
1362,100,5
1372,100,5
1383,100,5
1393,100,5
1403,100,5
1413,100,5
1423,100,5
1433,100,5
1444,100,5
1454,100,5
1464,100,5
1474,100,5
1484,100,5
1494,100,5
1504,100,5
1514,100,5
1524,100,5
1535,100,5
1545,100,5
1555,100,5
1565,100,5
1575,100,5
1585,100,5
1595,100,5
1605,100,5
1615,100,5
1626,100,5
1636,100,5
1646,100,5
1656,100,5
1666,100,5
1676,100,5
1686,100,5
1696,100,5
1706,100,5
1716,100,5
1727,100,5
1737,100,5
1747,100,5
1757,100,5
1767,100,5
1777,100,5
1787,100,5
1797,100,5
1807,100,5
1818,100,5
1828,100,5
1838,100,5
1848,100,5
1858,100,5
1868,100,5
1878,100,5
1888,100,5
1898,100,5
1909,100,5
1919,100,5
1929,100,5
1939,100,5
1949,100,5
1959,100,5
1969,100,5
1979,100,5
1989,100,5
1999,100,5
2010,100,5
2020,100,5
2030,100,5
2041,100,5
2051,100,5
2062,100,5
2072,100,5
2082,100,5
2092,100,5
2102,100,5
2112,100,5
2122,100,5
2133,100,5
2143,100,5
2153,100,5
2163,100,5
2173,100,5
2183,100,5
2193,100,5
2203,100,5
2213,100,5
2224,100,5
2234,100,5
2244,100,5
2254,100,5
2264,100,5
2274,100,5
2284,100,5
2294,100,5
2304,100,5
2315,100,5
2325,100,5
2335,100,5
2345,100,5
2355,100,5
2365,100,5
2375,100,5
2385,100,5
2395,100,5
2406,100,5
2416,100,5
2426,100,5
2436,100,5
2446,100,5
2456,100,5
2466,100,5
2476,100,5
2486,100,5
2497,100,5
2507,100,5
2517,100,5
2527,100,5
2537,100,5
2547,100,5
2557,100,5
2567,100,5
2577,100,5
2588,100,5
2598,100,5
2608,100,5
2618,100,5
2628,100,5
2638,100,5
2648,100,5
2658,100,5
2668,100,5
2678,100,5
2689,100,5
2699,100,5
2709,100,5
2719,100,5
2729,100,5
2739,100,5
2749,100,5
2759,100,5
2769,100,5
2780,100,5
2790,100,5
2800,100,5
2810,100,5
2820,100,5
2830,100,5
2840,100,5
2850,100,5
2860,100,5
2871,100,5
2881,100,5
2891,100,5
2901,100,5
2911,100,5
2921,100,5
2931,100,5
2941,100,5
2951,100,5
2962,100,5
2972,100,5
2982,100,5
2992,100,5
3002,100,5
3012,100,5
3022,100,5
3032,100,5
3042,100,5
3053,100,5
3063,100,5
3073,100,5
3083,100,5
3093,100,5
3103,100,5
3113,100,5
3123,100,5
3133,100,5
3144,100,5
3154,100,5
3164,100,5
3174,100,5
3184,100,5
3194,100,5
3204,100,5
3214,100,5
3224,100,5
3235,100,5
3245,100,5
3255,100,5
3265,100,5
3275,100,5
3286,100,5
3296,100,5
3306,100,5
3316,100,5
3326,100,5
3337,100,5
3347,100,5
3357,100,5
3367,100,5
3377,100,5
3387,100,5
3397,100,5
3408,100,5
3418,100,5
3428,100,5
3438,100,5
3448,100,5
3458,100,5
3468,100,5
3478,100,5
3488,100,5
3499,100,5
3509,100,5
3519,100,5
3529,100,5
3539,100,5
3549,100,5
3559,100,5
3569,100,5
3579,100,5
3590,100,5
3600,100,5
3610,100,5
3620,100,5
3630,100,5
3640,100,5
3650,100,5
3660,100,5
3670,100,5
3680,100,5
3691,100,5
3701,100,5
3711,100,5
3721,100,5
3731,100,5
3741,100,5
3751,100,5
3762,100,5
3772,100,5
3782,100,5
3792,100,5
3802,100,5
3812,100,5
3822,100,5
3832,100,5
3842,100,5
3853,100,5
3863,100,5
3873,100,5
3883,100,5
3893,100,5
3903,100,5
3913,100,5
3923,100,5
3933,100,5
3944,100,5
3954,100,5
3964,100,5
3974,100,5
3984,100,5
3994,100,5
4004,100,5
4014,100,5
4024,100,5
4035,100,5
4045,100,5
4055,100,5
4065,100,5
4075,100,5
4087,100,5
4097,100,5
4107,100,5
4117,100,5
4127,100,5
4137,100,5
4147,100,5
4158,100,5
4168,100,5
4178,100,5
4188,100,5
4198,95,7
4208,95,7
4218,95,7
4228,95,7
4238,95,7
4249,95,7
4259,95,7
4269,95,7
4279,95,7
4289,95,7
4300,95,7
4310,95,7
4320,95,7
4330,95,7
4340,95,7
4350,95,7
4361,95,7
4371,95,7
4381,95,7
4391,95,7
4401,95,7
4411,95,7
4421,95,7
4431,95,7
4441,95,7
4452,95,7
4462,95,7
4472,95,7
4482,95,7
4492,95,7
4502,95,7
4512,95,7
4522,95,7
4533,95,7
4543,95,7
4553,95,7
4563,95,7
4573,95,7
4583,95,7
4593,95,7
4603,95,7
4613,95,7
4624,95,7
4634,95,7
4644,95,7
4654,95,7
4664,95,7
4674,95,7
4684,95,7
4694,95,7
4705,95,7
4715,95,7
4725,95,7
4735,95,7
4745,95,7
4755,95,7
4765,95,7
4775,95,7
4785,95,7
4796,95,7
4806,95,7
4816,95,7
4826,95,7
4836,95,7
4846,95,7
4856,95,7
4866,95,7
4876,95,7
4887,95,7
4897,95,7
4907,95,7
4917,95,7
4927,95,7
4937,95,7
4947,95,7
4957,95,7
4967,95,7
4978,95,7
4988,95,7
4998,95,7
5008,95,7
5018,95,7
5028,95,7
5038,95,7
5048,95,7
5059,95,7
5069,95,7
5079,95,7
5089,95,7
5099,95,7
5109,95,7
5119,95,7
5129,95,7
5140,95,7
5150,95,7
5160,95,7
5170,95,7
5180,95,7
5190,95,7
5200,95,7
5210,95,7
5221,95,7
5231,95,7
5241,95,7
5251,95,7
5261,95,7
5271,95,7
5281,95,7
5292,95,7
5302,95,7
5312,95,7
5322,95,7
5332,95,7
5342,95,7
5352,95,7
5363,95,7
5373,95,7
5383,95,7
5393,95,7
5403,95,7
5413,95,7
5423,95,7
5434,95,7
5444,95,7
5454,95,7
5464,95,7
5474,95,7
5484,95,7
5494,95,7
5504,95,7
5515,95,7
5525,95,7
5535,95,7
5545,95,7
5555,95,7
5565,95,7
5575,95,7
5585,95,7
5596,95,7
5606,95,7
5616,95,7
5626,95,7
5636,95,7
5646,95,7
5656,95,7
5666,95,7
5676,95,7
5687,95,7
5697,95,7
5707,95,7
5717,95,7
5727,95,7
5737,95,7
5747,95,7
5757,95,7
5768,95,7
5778,95,7
5788,95,7
5798,95,7
5808,95,7
5818,95,7
5828,95,7
5838,95,7
5849,95,7
5859,95,7
5869,95,7
5879,95,7
5889,95,7
5899,95,7
5909,95,7
5919,95,7
5930,95,7
5940,95,7
5950,95,7
5960,95,7
5970,95,7
5980,95,7
5990,95,7
6000,95,7
6010,95,7
6021,95,7
6031,95,7
6041,95,7
6051,95,7
6061,95,7
6071,95,7
6081,95,7
6091,95,7
6102,95,7
6112,95,7
6122,95,7
6136,95,7
6146,95,7
6156,95,7
6167,95,7
6177,95,7
6187,95,7
6197,95,7
6207,95,7
6217,95,7
6227,95,7
6237,95,7
6247,95,7
6258,95,7
6268,95,7
6278,95,7
6288,95,7
6298,95,7
6308,95,7
6318,95,7
6328,95,7
6339,95,7
6349,95,7
6359,95,7
6369,95,7
6379,95,7
6389,95,7
6399,95,7
6409,95,7
6420,95,7
6430,95,7
6440,95,7
6450,95,7
6460,95,7
6471,95,7
6481,95,7
6491,95,7
6501,95,7
6511,95,7
6521,95,7
6532,95,7
6542,95,7
6552,95,7
6562,95,7
6572,95,7
6582,95,7
6592,95,7
6602,95,7
6612,95,7
6623,95,7
6633,95,7
6643,95,7
6653,95,7
6665,95,7
6675,95,7
6685,95,7
6695,95,7
6705,95,7
6715,95,7
6725,95,7
6736,95,7
6746,95,7
6756,95,7
6766,95,7
6776,95,7
6786,95,7
6796,95,7
6806,95,7
6817,95,7
6827,95,7
6837,95,7
6847,95,7
6857,95,7
6867,95,7
6877,95,7
6887,95,7
6898,95,7
6908,95,7
6918,95,7
6928,95,7
6938,95,7
6948,95,7
6958,95,7
6968,95,7
6979,95,7
6989,95,7
6999,95,7
7009,95,7
7019,95,7
7029,95,7
7039,95,7
7049,95,7
7059,95,7
7070,95,7
7080,95,7
7090,95,7
7100,95,7
7110,95,7
7120,95,7
7130,95,7
7140,95,7
7151,95,7
7161,95,7
7171,95,7
7181,95,7
7191,95,7
7201,95,7
7211,95,7
7221,95,7
7232,95,7
7242,95,7
7252,95,7
7262,95,7
7272,95,7
7282,95,7
7292,95,7
7302,95,7
7312,95,7
7323,95,7
7333,95,7
7343,95,7
7353,95,7
7363,95,7
7373,95,7
7383,95,7
7393,95,7
7404,95,7
7414,95,7
7424,95,7
7434,95,7
7444,95,7
7454,95,7
7464,95,7
7474,95,7
7484,95,7
7495,95,7
7505,95,7
7515,95,7
7525,95,7
7535,95,7
7546,95,7
7556,95,7
7566,95,7
7576,95,7
7586,95,7
7596,95,7
7606,95,7
7616,95,7
7627,95,7
7637,95,7
7647,95,7
7657,95,7
7667,95,7
7677,95,7
7687,95,7
7697,95,7
7707,95,7
7718,95,7
7728,95,7
7738,95,7
7748,95,7
7758,95,7
7768,95,7
7778,95,7
7789,95,7
7799,95,7
7809,95,7
7819,95,7
7829,95,7
7839,95,7
7849,95,7
7859,95,7
7870,95,7
7880,95,7
7890,95,7
7900,95,7
7910,95,7
7920,95,7
7930,95,7
7940,95,7
7951,95,7
7961,95,7
7971,95,7
7981,95,7
7991,95,7
8001,95,7
8011,95,7
8021,95,7
8031,95,7
8042,95,7
8052,95,7
8062,95,7
8072,95,7
8082,95,7
8092,95,7
8102,95,7
8112,95,7
8122,95,7
8133,95,7
8143,95,7
8153,95,7
8163,95,7
8175,95,7
8185,95,7
8196,95,7
8206,95,7
8216,95,7
8226,95,7
8236,95,7
8246,95,7
8257,95,7
8267,95,7
8277,95,7
8287,95,7
8297,95,7
8307,95,7
8317,95,7
8327,95,7
8338,95,7
8365,95,7
8375,95,7
8385,95,7
8398,95,7
8409,95,7
8419,95,7
8429,95,7
8439,95,7
8449,95,7
8459,95,7
8469,95,7
8479,95,7
8489,95,7
8500,95,7
8510,95,7
8520,95,7
8530,95,7
8540,95,7
8550,95,7
8560,95,7
8570,95,7
8580,95,7
8591,95,7
8601,95,7
8611,95,7
8621,95,7
8631,95,7
8641,95,7
8651,95,7
8661,95,7
8671,95,7
8682,95,7
8692,95,7
8702,95,7
8712,95,7
8722,95,7
8732,95,7
8742,95,7
8752,95,7
8763,95,7
8773,95,7
8783,95,7
8793,95,7
8803,95,7
8813,95,7
8823,95,7
8833,95,7
8843,95,7
8854,95,7
8864,95,7
8874,95,7
8884,95,7
8894,95,7
8904,95,7
8914,95,7
8924,95,7
8934,95,7
8945,95,7
8955,95,7
8965,95,7
8975,95,7
8985,95,7
8995,95,7
9005,95,7
9015,95,7
9026,95,7
9036,95,7
9046,95,7
9056,95,7
9066,95,7
9076,95,7
9086,95,7
9096,95,7
9106,95,7
9117,95,7
9127,95,7
9137,95,7
9147,95,7
9157,95,7
9167,95,7
9177,95,7
9187,95,7
9197,95,7
9208,95,7
9218,95,7
9228,95,7
9238,95,7
9248,95,7
9258,95,7
9268,95,7
9278,95,7
9289,95,7
9299,95,7
9309,95,7
9319,95,7
9329,95,7
9339,95,7
9349,95,7
9359,95,7
9370,95,7
9380,95,7
9390,95,7
9400,95,7
9410,95,7
9420,95,7
9430,95,7
9440,95,7
9450,95,7
9461,95,7
9471,95,7
9481,95,7
9491,95,7
9501,95,7
9511,95,7
9521,95,7
9531,95,7
9541,95,7
9552,95,7
9562,95,7
9572,95,7
9582,95,7
9592,95,7
9602,95,7
9612,95,7
9622,95,7
9632,95,7
9643,95,7
9653,95,7
9663,95,7
9673,95,7
9683,95,7
9693,95,7
9703,95,7
9713,95,7
9724,95,7
9734,95,7
9744,95,7
9754,95,7
9764,95,7
9774,95,7
9784,95,7
9794,95,7
9804,95,7
9815,95,7
9825,95,7
9835,95,7
9845,95,7
9855,95,7
9865,95,7
9875,95,7
9885,95,7
9895,95,7
9906,95,7
9916,95,7
9926,95,7
9936,95,7
9946,95,7
9956,95,7
9966,95,7
9976,95,7
9986,95,7
9997,95,7
10007,95,7
10017,95,7
10027,95,7
10037,95,7
10047,95,7
10057,95,7
10067,95,7
10078,95,7
10088,95,7
10098,95,7
10108,95,7
10118,95,7
10128,95,7
10138,95,7
10148,95,7
10159,95,7
10169,95,7
10179,95,7
10189,95,7
10199,95,7
10210,95,7
10220,95,7
10232,95,7
10243,95,7
10255,95,7
10266,95,7
10276,95,7
10290,95,7
10300,95,7
10310,95,7
10321,95,7
10331,95,7
10341,95,7
10351,95,7
10361,95,7
10371,95,7
10381,95,7
10392,95,7
10402,95,7
10412,95,7
10422,95,7
10432,95,7
10442,95,7
10452,95,7
10462,95,7
10473,95,7
10483,95,7
10493,95,7
10503,95,7
10513,95,7
10523,95,7
10533,95,7
10543,95,7
10553,95,7
10564,95,7
10574,95,7
10584,95,7
10594,95,7
10604,95,7
10614,95,7
10624,95,7
10634,95,7
10645,95,7
10655,95,7
10665,95,7
10675,95,7
10685,95,7
10695,95,7
10705,95,7
10715,95,7
10726,95,7
10736,95,7
10746,95,7
10756,95,7
10766,95,7
10776,95,7
10786,95,7
10796,95,7
10807,95,7
10817,95,7
10827,95,7
10837,95,7
10847,95,7
10857,95,7
10867,95,7
10877,95,7
10888,95,7
10898,95,7
10908,95,7
10918,95,7
10928,95,7
10938,95,7
10948,95,7
10958,95,7
10968,95,7
10979,95,7
10989,95,7
10999,95,7
11009,95,7
11019,95,7
11029,95,7
11039,95,7
11049,95,7
11060,95,7
11070,95,7
11080,95,7
11090,95,7
11100,95,7
11110,95,7
11120,95,7
11130,95,7
11141,95,7
11151,95,7
11161,95,7
11171,95,7
11181,95,7
11191,95,7
11201,95,7
11211,95,7
11221,95,7
11232,95,7
11242,95,7
11252,95,7
11262,95,7
11272,95,7
11282,95,7
11292,95,7
11302,95,7
11313,95,7
11323,95,7
11333,95,7
11343,95,7
11353,95,7
11363,95,7
11373,95,7
11383,95,7
11394,95,7
11404,95,7
11414,95,7
11424,95,7
11434,95,7
11444,95,7
11454,95,7
11464,95,7
11475,95,7
11485,95,7
11495,95,7
11505,95,7
11515,95,7
11525,95,7
11535,95,7
11545,95,7
11556,95,7
11566,95,7
11576,95,7
11586,95,7
11596,95,7
11606,95,7
11616,95,7
11626,95,7
11637,95,7
11647,95,7
11657,95,7
11667,95,7
11677,95,7
11687,95,7
11697,95,7
11707,95,7
11717,95,7
11728,95,7
11738,95,7
11748,95,7
11758,95,7
11768,95,7
11778,95,7
11788,95,7
11798,95,7
11809,95,7
11819,95,7
11829,95,7
11839,95,7
11849,95,7
11859,95,7
11869,95,7
11880,95,7
11890,95,7
11900,95,7
11910,95,7
11920,95,7
11930,95,7
11940,95,7
11950,95,7
11961,95,7
11971,95,7
11981,95,7
11991,95,7
12001,95,7
12011,95,7
12021,95,7
12031,95,7
12041,95,7
12052,95,7
12062,95,7
12072,95,7
12082,95,7
12092,95,7
12102,95,7
12112,95,7
12122,95,7
12133,95,7
12143,95,7
12153,95,7
12163,95,7
12173,95,7
12183,95,7
12193,95,7
12203,95,7
12213,95,7
12224,95,7
12234,95,7
12244,95,7
12254,95,7
12264,95,7
12275,95,7
12285,95,7
12295,95,7
12306,95,7
12316,95,7
12326,95,7
12336,95,7
12349,95,7
12360,95,7
12370,95,7
12380,95,7
12390,95,7
12400,95,7
12410,95,7
12420,95,7
12431,95,7
12441,95,7
12451,95,7
12461,95,7
12471,95,7
12481,95,7
12491,95,7
12501,95,7
12511,95,7
12522,95,7
12532,95,7
12542,95,7
12552,95,7
12562,95,7
12572,95,7
12582,95,7
12592,95,7
12602,95,7
12613,95,7
12623,95,7
12633,95,7
12643,95,7
12653,95,7
12663,95,7
12673,95,7
12683,95,7
12693,95,7
12704,95,7
12714,95,7
12724,95,7
12734,95,7
12744,95,7
12754,95,7
12764,95,7
12774,95,7
12784,95,7
12795,95,7
12805,95,7
12815,95,7
12825,95,7
12835,95,7
12845,95,7
12855,95,7
12866,95,7
12876,95,7
12886,95,7
12896,95,7
12906,95,7
12916,95,7
12926,95,7
12937,95,7
12947,95,7
12957,95,7
12967,95,7
12977,95,7
12987,95,7
12997,95,7
13007,95,7
13017,95,7
13027,95,7
13038,95,7
13048,95,7
13058,95,7
13068,95,7
13078,95,7
13088,95,7
13098,95,7
13108,95,7
13118,95,7
13129,95,7
13139,95,7
13149,95,7
13159,95,7
13169,95,7
13179,95,7
13189,95,7
13199,95,7
13209,95,7
13220,95,7
13230,95,7
13240,95,7
13250,95,7
13260,95,7
13270,95,7
13280,95,7
13290,95,7
13300,95,7
13311,95,7
13321,95,7
13331,95,7
13341,95,7
13351,95,7
13361,95,7
13372,95,7
13382,95,7
13392,95,7
13403,95,7
13413,95,7
13423,95,7
13433,95,7
13443,95,7
13453,95,7
13463,95,7
13473,95,7
13484,95,7
13494,95,7
13504,95,7
13514,95,7
13524,95,7
13534,95,7
13544,95,7
13554,95,7
13564,95,7
13575,95,7
13585,95,7
13595,95,7
13605,95,7
13615,95,7
13625,95,7
13635,95,7
13645,95,7
13655,95,7
13666,95,7
13676,95,7
13686,95,7
13696,95,7
13706,95,7
13716,95,7
13726,95,7
13736,95,7
13746,95,7
13756,95,7
13767,95,7
13777,95,7
13787,95,7
13797,95,7
13807,95,7
13817,95,7
13827,95,7
13837,95,7
13848,95,7
13858,95,7
13868,95,7
13878,95,7
13888,95,7
13898,95,7
13908,95,7
13918,95,7
13928,95,7
13939,95,7
13949,95,7
13959,95,7
13969,95,7
13979,95,7
13989,95,7
13999,95,7
14009,95,7
14020,95,7
14030,95,7
14040,95,7
14050,85,6
14060,95,7
14070,95,7
14080,95,7
14090,95,7
14100,95,7
14110,95,7
14121,95,7
14131,95,7
14141,95,7
14151,95,7
14161,95,7
14171,95,7
14181,95,7
14191,95,7
14201,95,7
14212,95,7
14222,95,7
14232,95,7
14242,95,7
14252,95,7
14262,95,7
14272,95,7
14282,95,7
14292,95,7
14303,95,7
14313,95,7
14323,95,7
14333,95,7
14343,95,7
14353,95,7
14365,95,7
14375,95,7
14386,95,7
14396,95,7
14407,95,7
14417,95,7
14427,95,7
14437,95,7
14447,95,7
14457,95,7
14468,95,7
14478,95,7
14488,95,7
14498,95,7
14508,95,7
14518,95,7
14528,95,7
14538,95,7
14548,95,7
14559,95,7
14569,95,7
14579,95,7
14589,95,7
14599,95,7
14609,95,7
14619,95,7
14629,95,7
14639,95,7
14650,95,7
14660,95,7
14670,95,7
14680,95,7
14690,95,7
14700,95,7
14710,95,7
14720,95,7
14730,95,7
14741,95,7
14751,95,7
14761,95,7
14771,95,7
14781,95,7
14791,95,7
14801,95,7
14811,95,7
14821,95,7
14832,95,7
14842,95,7
14852,95,7
14862,95,7
14872,95,7
14883,95,7
14893,95,7
14903,95,7
14913,95,7
14923,95,7
14933,95,7
14943,95,7
14953,95,7
14963,95,7
14974,95,7
14984,95,7
14994,95,7
15004,95,7
15014,95,7
15024,95,7
15034,95,7
15044,95,7
15054,95,7
15065,95,7
15075,95,7
15085,95,7
15095,95,7
15105,95,7
15115,95,7
15125,95,7
15135,95,7
15145,95,7
15156,95,7
15166,95,7
15176,95,7
15186,95,7
15196,95,7
15206,95,7
15216,95,7
15226,95,7
15237,95,7
15247,95,7
15257,95,7
15267,95,7
15277,95,7
15287,95,7
15297,95,7
15307,95,7
15318,95,7
15328,95,7
15338,95,7
15348,95,7
15358,95,7
15368,95,7
15378,95,7
15388,95,7
15398,95,7
15409,95,7
15419,95,7
15429,95,7
15439,95,7
15449,95,7
15459,95,7
15469,95,7
15479,95,7
15490,95,7
15500,95,7
15510,95,7
15520,95,7
15530,95,7
15540,95,7
15550,95,7
15560,95,7
15570,95,7
15581,95,7
15591,95,7
15601,95,7
15611,95,7
15621,95,7
15631,95,7
15641,95,7
15651,95,7
15662,95,7
15672,95,7
15682,95,7
15692,95,7
15702,95,7
15712,95,7
15722,95,7
15732,95,7
15743,95,7
15753,95,7
15763,95,7
15773,95,7
15783,95,7
15793,95,7
15803,95,7
15813,95,7
15823,95,7
15834,95,7
15844,95,7
15854,95,7
15864,95,7
15874,95,7
15884,95,7
15894,95,7
15904,95,7
15914,95,7
15925,95,7
15935,95,7
15945,95,7
15955,95,7
15965,95,7
15975,95,7
15985,95,7
15995,95,7
16005,95,7
16016,95,7
16026,95,7
16036,95,7
16046,95,7
16056,95,7
16066,95,7
16076,95,7
16086,95,7
16096,95,7
16107,95,7
16117,95,7
16127,95,7
16137,95,7
16147,95,7
16157,95,7
16167,95,7
16177,95,7
16187,95,7
16198,95,7
16208,95,7
16218,95,7
16228,95,7
16238,95,7
16248,95,7
16258,95,7
16268,95,7
16278,95,7
16289,95,7
16299,95,7
16309,95,7
16319,95,7
16329,95,7
16339,95,7
16349,95,7
16359,95,7
16369,95,7
16380,95,7
16390,95,7
16400,95,7
16410,95,7
16421,95,7
16431,95,7
16441,95,7
16452,95,7
16463,95,7
16473,95,7
16483,95,7
16493,95,7
16503,95,7
16513,95,7
16523,95,7
16534,95,7
16544,95,7
16554,95,7
16564,95,7
16574,95,7
16584,95,7
16594,95,7
16604,95,7
16614,95,7
16625,95,7
16635,95,7
16645,95,7
16655,95,7
16665,95,7
16675,95,7
16685,95,7
16695,95,7
16705,95,7
16716,95,7
16726,95,7
16736,95,7
16746,95,7
16756,95,7
16766,95,7
16776,95,7
16786,95,7
16796,95,7
16807,95,7
16817,95,7
16827,95,7
16837,95,7
16847,95,7
16857,95,7
16867,95,7
16877,95,7
16887,95,7
16898,95,7
16908,95,7
16918,95,7
16928,95,7
16938,95,7
16948,95,7
16958,95,7
16968,95,7
16978,95,7
16989,95,7
16999,95,7
17009,95,7
17019,95,7
17029,95,7
17039,95,7
17049,95,7
17059,95,7
17069,95,7
17079,95,7
17090,95,7
17100,95,7
17110,95,7
17120,95,7
17130,95,7
17140,95,7
17150,95,7
17160,95,7
17170,95,7
17181,95,7
17191,95,7
17201,95,7
17211,95,7
17221,95,7
17231,95,7
17241,95,7
17251,95,7
17261,95,7
17272,95,7
17282,95,7
17292,95,7
17302,95,7
17312,95,7
17322,95,7
17332,95,7
17343,95,7
17353,95,7
17363,95,7
17373,95,7
17383,95,7
17393,95,7
17403,95,7
17413,95,7
17424,95,7
17434,95,7
17444,95,7
17454,95,7
17464,95,7
17474,95,7
17484,95,7
17494,95,7
17505,95,7
17515,95,7
17525,95,7
17535,95,7
17545,95,7
17555,95,7
17565,95,7
17575,95,7
17585,95,7
17596,95,7
17606,95,7
17616,95,7
17626,95,7
17636,95,7
17646,95,7
17656,95,7
17667,95,7
17677,95,7
17687,95,7
17697,95,7
17707,95,7
17717,95,7
17727,95,7
17737,95,7
17748,95,7
17758,95,7
17768,95,7
17778,95,7
17788,95,7
17798,95,7
17808,95,7
17818,95,7
17828,95,7
17839,95,7
17849,95,7
17859,95,7
17869,95,7
17879,95,7
17889,95,7
17899,95,7
17909,95,7
17919,95,7
17930,95,7
17940,95,7
17950,95,7
17960,95,7
17970,95,7
17980,95,7
17990,95,7
18000,95,7
18010,95,7
18021,95,7
18031,95,7
18041,95,7
18051,95,7
18061,95,7
18071,95,7
18081,95,7
18091,95,7
18101,95,7
18112,95,7
18122,95,7
18132,95,7
18142,95,7
18152,95,7
18162,95,7
18172,95,7
18182,95,7
18192,95,7
18202,95,7
18213,95,7
18223,95,7
18233,95,7
18243,95,7
18253,95,7
18263,95,7
18273,95,7
18283,95,7
18293,95,7
18304,95,7
18314,95,7
18324,95,7
18334,95,7
18344,95,7
18354,95,7
18364,95,7
18374,95,7
18384,95,7
18395,95,7
18405,95,7
18415,95,7
18425,95,7
18436,95,7
18446,95,7
18456,95,7
18468,95,7
18478,95,7
18489,95,7
18499,95,7
18510,95,7
18520,95,7
18530,95,7
18540,95,7
18551,95,7
18561,95,7
18571,95,7
18581,95,7
18591,95,7
18601,95,7
18611,95,7
18621,95,7
18631,95,7
18641,95,7
18652,95,7
18662,95,7
18672,95,7
18682,95,7
18692,95,7
18702,95,7
18712,95,7
18722,95,7
18732,95,7
18743,95,7
18753,95,7
18763,95,7
18773,95,7
18783,95,7
18793,95,7
18803,95,7
18813,95,7
18823,95,7
18834,95,7
18844,95,7
18854,95,7
18864,95,7
18874,95,7
18884,95,7
18894,95,7
18904,95,7
18915,95,7
18925,95,7
18935,95,7
18945,95,7
18955,95,7
18965,95,7
18975,95,7
18985,95,7
18996,95,7
19006,95,7
19016,95,7
19026,95,7
19036,95,7
19046,95,7
19056,95,7
19066,95,7
19076,95,7
19087,95,7
19097,95,7
19107,95,7
19117,95,7
19127,95,7
19137,95,7
19147,95,7
19157,95,7
19167,95,7
19178,95,7
19188,95,7
19198,95,7
19208,95,7
19218,95,7
19228,95,7
19238,95,7
19248,95,7
19258,95,7
19268,95,7
19279,95,7
19289,95,7
19299,95,7
19309,95,7
19319,95,7
19329,95,7
19339,95,7
19349,95,7
19359,95,7
19370,95,7
19380,95,7
19390,95,7
19400,95,7
19410,95,7
19420,95,7
19431,95,7
19441,95,7
19451,95,7
19461,95,7
19471,95,7
19481,95,7
19491,95,7
19501,95,7
19511,95,7
19522,95,7
19532,95,7
19542,95,7
19552,95,7
19562,95,7
19572,95,7
19582,95,7
19592,95,7
19602,95,7
19612,95,7
19623,95,7
19633,95,7
19643,95,7
19653,95,7
19663,95,7
19673,95,7
19683,95,7
19693,95,7
19703,95,7
19714,95,7
19724,95,7
19734,95,7
19744,95,7
19754,95,7
19764,95,7
19774,95,7
19784,95,7
19794,95,7
19805,95,7
19815,95,7
19825,95,7
19835,95,7
19845,95,7
19855,95,7
19865,95,7
19875,95,7
19885,95,7
19896,95,7
19906,95,7
19916,95,7
19926,95,7
19936,95,7
19946,95,7
19956,95,7
19966,95,7
19976,95,7
19987,95,7
19997,95,7
20007,95,7
20017,95,7
20027,95,7
20037,95,7
20047,95,7
20057,95,7
20067,95,7
20077,95,7
20088,95,7
20098,95,7
20108,95,7
20118,95,7
20128,95,7
20138,95,7
20148,95,7
20158,95,7
20169,95,7
20179,95,7
20189,95,7
20199,95,7
20209,95,7
20219,95,7
20229,95,7
20239,95,7
20250,95,7
20260,95,7
20270,95,7
20280,95,7
20290,95,7
20300,95,7
20310,95,7
20320,95,7
20331,95,7
20341,95,7
20351,95,7
20361,95,7
20371,95,7
20381,95,7
20393,95,7
20403,95,7
20413,95,7
20424,95,7
20434,95,7
20444,95,7
20454,95,7
20464,95,7
20474,95,7
20484,95,7
20494,95,7
20505,95,7
20515,95,7
20525,95,7
20535,95,7
20546,95,7
20556,95,7
20566,95,7
20577,95,7
20587,95,7
20597,95,7
20607,95,7
20617,95,7
20627,95,7
20637,95,7
20648,95,7
20658,95,7
20668,95,7
20678,95,7
20688,95,7
20698,95,7
20708,95,7
20718,95,7
20729,95,7
20739,95,7
20749,95,7
20759,95,7
20769,95,7
20779,95,7
20789,95,7
20799,95,7
20810,95,7
20820,95,7
20830,95,7
20840,95,7
20850,95,7
20860,95,7
20870,95,7
20880,95,7
20891,95,7
20901,95,7
20911,95,7
20921,95,7
20931,95,7
20941,95,7
20951,95,7
20961,95,7
20971,95,7
20982,95,7
20992,95,7
21002,95,7
21012,95,7
21022,95,7
21032,95,7
21042,95,7
21052,95,7
21063,95,7
21073,95,7
21083,95,7
21093,95,7
21103,95,7
21113,95,7
21123,95,7
21133,95,7
21144,95,7
21154,95,7
21164,95,7
21174,95,7
21184,95,7
21194,95,7
21204,95,7
21214,95,7
21225,95,7
21235,95,7
21245,95,7
21255,95,7
21265,95,7
21275,95,7
21285,95,7
21295,95,7
21305,95,7
21316,95,7
21326,95,7
21336,95,7
21346,95,7
21356,95,7
21366,95,7
21376,95,7
21386,95,7
21397,95,7
21407,95,7
21417,95,7
21427,95,7
21437,95,7
21447,95,7
21457,95,7
21467,95,7
21477,95,7
21488,95,7
21498,95,7
21508,95,7
21518,95,7
21528,95,7
21538,95,7
21548,95,7
21558,95,7
21569,95,7
21579,95,7
21589,95,7
21599,95,7
21609,95,7
21619,95,7
21629,95,7
21639,95,7
21649,95,7
21660,95,7
21670,95,7
21680,95,7
21690,95,7
21700,95,7
21710,95,7
21720,95,7
21730,95,7
21741,95,7
21751,95,7
21761,95,7
21771,95,7
21781,95,7
21791,95,7
21801,95,7
21811,95,7
21821,95,7
21832,95,7
21842,95,7
21852,95,7
21862,95,7
21872,95,7
21882,95,7
21892,95,7
21902,95,7
21913,95,7
21923,95,7
21933,95,7
21943,95,7
21953,95,7
21963,95,7
21973,95,7
21983,95,7
21993,95,7
22004,95,7
22014,95,7
22024,95,7
22034,95,7
22044,95,7
22054,95,7
22064,95,7
22074,95,7
22085,95,7
22095,95,7
22105,95,7
22115,95,7
22125,95,7
22135,95,7
22145,95,7
22155,95,7
22166,95,7
22176,95,7
22186,95,7
22196,95,7
22206,95,7
22216,95,7
22226,95,7
22236,95,7
22246,95,7
22257,95,7
22267,95,7
22277,95,7
22287,95,7
22297,95,7
22307,95,7
22317,95,7
22328,95,7
22338,95,7
22348,95,7
22358,95,7
22368,95,7
22378,95,7
22388,95,7
22398,95,7
22408,95,7
22419,95,7
22429,95,7
22439,95,7
22449,95,7
22459,95,7
22469,95,7
22479,95,7
22489,95,7
22500,95,7
22510,95,7
22520,95,7
22530,95,7
22540,95,7
22550,95,7
22560,95,7
22570,95,7
22581,95,7
22591,95,7
22603,95,7
22614,95,7
22624,95,7
22634,95,7
22644,95,7
22654,95,7
22664,95,7
22675,95,7
22685,95,7
22695,95,7
22705,95,7
22715,95,7
22725,95,7
22735,95,7
22745,95,7
22755,95,7
22766,95,7
22776,95,7
22786,95,7
22796,95,7
22806,95,7
22817,95,7
22827,95,7
22837,95,7
22847,95,7
22857,95,7
22867,95,7
22877,95,7
22888,95,7
22898,95,7
22908,95,7
22918,95,7
22928,95,7
22938,95,7
22948,95,7
22958,95,7
22969,95,7
22979,95,7
22989,95,7
22999,95,7
23009,95,7
23019,95,7
23029,95,7
23040,95,7
23050,95,7
23060,95,7
23070,95,7
23080,95,7
23090,95,7
23100,95,7
23110,95,7
23120,95,7
23131,95,7
23141,95,7
23151,95,7
23161,95,7
23171,95,7
23181,95,7
23192,95,7
23202,95,7
23212,95,7
23222,95,7
23232,95,7
23242,95,7
23252,95,7
23263,95,7
23273,95,7
23283,95,7
23293,95,7
23303,95,7
23313,95,7
23323,95,7
23333,95,7
23344,95,7
23354,95,7
23364,95,7
23374,95,7
23384,95,7
23394,95,7
23404,95,7
23414,95,7
23424,95,7
23435,95,7
23445,95,7
23455,95,7
23465,95,7
23475,95,7
23485,95,7
23495,95,7
23505,95,7
23515,95,7
23526,95,7
23536,95,7
23546,95,7
23556,95,7
23568,95,7
23578,95,7
23588,95,7
23598,95,7
23608,95,7
23619,95,7
23629,95,7
23639,95,7
23649,95,7
23659,95,7
23669,95,7
23679,95,7
23689,95,7
23699,95,7
23709,95,7
23720,95,7
23730,95,7
23740,95,7
23750,95,7
23760,95,7
23770,95,7
23780,95,7
23790,95,7
23800,95,7
23811,95,7
23821,95,7
23831,95,7
23841,95,7
23851,95,7
23861,95,7
23871,95,7
23881,95,7
23891,95,7
23902,95,7
23912,95,7
23922,95,7
23932,95,7
23942,95,7
23952,95,7
23962,95,7
23972,95,7
23982,95,7
23993,95,7
24003,95,7
24013,95,7
24023,95,7
24033,95,7
24043,95,7
24053,95,7
24063,95,7
24073,95,7
24084,95,7
24094,95,7
24104,95,7
24114,95,7
24124,95,7
24134,95,7
24144,95,7
24154,95,7
24164,95,7
24175,95,7
24185,95,7
24195,95,7
24205,95,7
24215,95,7
24225,95,7
24235,95,7
24245,95,7
24255,95,7
24265,95,7
24276,95,7
24286,95,7
24296,95,7
24306,95,7
24316,95,7
24326,95,7
24336,95,7
24346,95,7
24357,95,7
24367,95,7
24377,95,7
24387,95,7
24398,95,7
24408,95,7
24418,95,7
24428,95,7
24438,95,7
24448,95,7
24458,95,7
24469,95,7
24479,95,7
24489,95,7
24499,95,7
24509,95,7
24519,95,7
24529,95,7
24539,95,7
24549,95,7
24560,95,7
24570,95,7
24580,95,7
24590,95,7
24600,95,7
24610,95,7
24620,95,7
24633,95,7
24644,95,7
24654,95,7
24665,95,7
24676,95,7
24686,95,7
24696,95,7
24706,95,7
24716,95,7
24726,95,7
24736,95,7
24746,95,7
24757,95,7
24767,95,7
24777,95,7
24787,95,7
24797,95,7
24807,95,7
24817,95,7
24827,95,7
24837,95,7
24848,95,7
24858,95,7
24868,95,7
24878,95,7
24888,95,7
24898,95,7
24908,95,7
24918,95,7
24928,95,7
24939,95,7
24949,95,7
24959,95,7
24969,95,7
24979,95,7
24989,95,7
24999,95,7
25009,95,7
25019,95,7
25030,95,7
25040,95,7
25050,95,7
25060,95,7
25070,95,7
25080,95,7
25090,95,7
25100,95,7
25111,95,7
25121,95,7
25131,95,7
25141,95,7
25151,95,7
25161,95,7
25171,95,7
25181,95,7
25191,95,7
25202,95,7
25212,95,7
25222,95,7
25232,95,7
25242,95,7
25252,95,7
25262,95,7
25272,95,7
25282,95,7
25293,95,7
25303,95,7
25313,95,7
25323,95,7
25333,95,7
25343,95,7
25353,95,7
25363,95,7
25373,95,7
25384,95,7
25394,95,7
25404,95,7
25414,95,7
25424,95,7
25434,95,7
25444,95,7
25454,95,7
25464,95,7
25475,95,7
25485,95,7
25495,95,7
25505,95,7
25515,95,7
25525,95,7
25535,95,7
25546,95,7
25556,95,7
25566,95,7
25576,95,7
25586,95,7
25596,95,7
25606,95,7
25616,95,7
25627,95,7
25637,95,7
25647,95,7
25657,95,7
25667,95,7
25677,95,7
25687,95,7
25697,95,7
25707,95,7
25718,95,7
25728,95,7
25738,95,7
25748,95,7
25758,95,7
25768,95,7
25778,95,7
25788,95,7
25799,95,7
25809,95,7
25819,95,7
25829,95,7
25839,95,7
25849,95,7
25859,95,7
25869,95,7
25879,95,7
25890,95,7
25900,95,7
25910,95,7
25920,95,7
25930,95,7
25940,95,7
25950,95,7
25961,95,7
25971,95,7
25981,95,7
25991,95,7
26001,95,7
26011,95,7
26021,95,7
26031,95,7
26042,95,7
26052,95,7
26062,95,7
26072,95,7
26082,95,7
26092,95,7
26102,95,7
26112,95,7
26123,95,7
26133,95,7
26143,85,6
26153,85,6
26163,85,6
26173,85,6
26183,85,6
26193,85,6
26204,85,6
26214,85,6
26224,85,6
26234,75,5
26244,75,5
26254,75,5
26264,100,5
26274,100,5
26285,90,4
26295,90,4
26305,90,4
26315,90,4
26325,90,4
26335,80,3
26345,70,2
26355,70,2
26365,70,2
26376,70,2
26386,70,2
26396,70,2
26406,70,2
26416,70,2
26426,70,2
26436,70,2
26447,70,2
26457,70,2
26467,70,2
26477,70,2
26487,70,2
26497,70,2
26507,70,2
26517,70,2
26528,70,2
26538,70,2
26548,70,2
26558,70,2
26568,70,2
26578,70,2
26589,70,2
26599,70,2
26609,70,2
26619,70,2
26629,70,2
26639,70,2
26649,70,2
26659,70,2
26670,70,2
26680,70,2
26690,70,2
26700,70,2
26710,70,2
26721,70,2
26731,70,2
26741,70,2
26751,70,2
26761,70,2
26771,70,2
26781,70,2
26791,70,2
26801,70,2
26812,70,2
26822,70,2
26832,70,2
26842,70,2
26852,70,2
26862,70,2
26872,70,2
26882,70,2
26893,70,2
26903,70,2
26913,70,2
26923,70,2
26933,70,2
26943,70,2
26953,70,2
26964,70,2
26974,70,2
26984,70,2
26994,70,2
27004,70,2
27014,70,2
27024,70,2
27034,70,2
27045,70,2
27055,70,2
27065,70,2
27075,70,2
27085,70,2
27095,70,2
27105,70,2
27115,70,2
27125,70,2
27136,70,2
27146,70,2
27156,70,2
27166,70,2
27176,70,2
27186,70,2
27196,70,2
27206,70,2
27216,70,2
27227,70,2
27237,70,2
27247,70,2
27257,70,2
27267,70,2
27277,70,2
27287,70,2
27297,70,2
27307,70,2
27318,70,2
27328,70,2
27338,70,2
27348,70,2
27358,70,2
27368,70,2
27378,70,2
27388,70,2
27398,70,2
27409,70,2
27419,70,2
27429,70,2
27439,70,2
27449,70,2
27459,70,2
27469,70,2
27479,70,2
27489,70,2
27500,70,2
27510,70,2
27520,70,2
27530,70,2
27540,70,2
27550,70,2
27560,70,2
27570,70,2
27580,70,2
27591,70,2
27601,70,2
27611,70,2
27621,70,2
27631,70,2
27641,70,2
27651,70,2
27661,70,2
27672,70,2
27682,70,2
27692,70,2
27702,70,2
27712,70,2
27722,70,2
27732,70,2
27743,70,2
27753,70,2
27763,70,2
27773,70,2
27783,70,2
27793,70,2
27803,70,2
27813,70,2
27823,70,2
27834,70,2
27844,70,2
27854,70,2
27864,70,2
27874,70,2
27884,70,2
27894,70,2
27904,70,2
27914,70,2
27925,70,2
27935,70,2
27945,70,2
27955,70,2
27965,70,2
27975,70,2
27985,70,2
27995,70,2
28005,70,2
28016,70,2
28026,70,2
28036,70,2
28046,70,2
28056,70,2
28066,70,2
28076,70,2
28086,70,2
28096,70,2
28106,70,2
28117,70,2
28127,70,2
28137,70,2
28147,70,2
28157,70,2
28167,70,2
28177,70,2
28187,70,2
28197,70,2
28208,70,2
28218,70,2
28228,70,2
28238,70,2
28248,70,2
28258,70,2
28268,70,2
28279,70,2
28289,70,2
28299,70,2
28309,70,2
28319,70,2
28329,70,2
28339,70,2
28349,70,2
28360,70,2
28370,70,2
28380,70,2
28390,70,2
28400,70,2
28410,70,2
28420,70,2
28430,70,2
28440,70,2
28450,70,2
28461,70,2
28472,70,2
28482,70,2
28492,70,2
28502,70,2
28512,70,2
28522,70,2
28532,70,2
28543,70,2
28553,70,2
28563,70,2
28573,70,2
28583,70,2
28593,70,2
28603,70,2
28613,70,2
28624,70,2
28634,70,2
28644,70,2
28654,70,2
28664,70,2
28675,70,2
28685,70,2
28695,70,2
28705,70,2
28715,70,2
28725,70,2
28737,70,2
28747,70,2
28757,70,2
28767,70,2
28778,70,2
28788,70,2
28798,70,2
28808,70,2
28818,70,2
28828,70,2
28838,70,2
28848,70,2
28858,70,2
28869,70,2
28879,70,2
28889,70,2
28899,70,2
28909,70,2
28919,70,2
28929,70,2
28939,70,2
28949,70,2
28960,70,2
28970,70,2
28980,70,2
28990,70,2
29000,70,2
29010,70,2
29020,70,2
29030,70,2
29041,70,2
29051,70,2
29061,70,2
29071,70,2
29081,70,2
29091,70,2
29101,70,2
29111,70,2
29121,70,2
29132,70,2
29142,70,2
29152,70,2
29162,70,2
29172,70,2
29182,70,2
29192,70,2
29202,70,2
29212,70,2
29223,70,2
29233,70,2
29243,70,2
29253,70,2
29263,70,2
29273,70,2
29283,70,2
29293,70,2
29303,70,2
29314,70,2
29324,70,2
29334,70,2
29344,70,2
29354,70,2
29364,70,2
29374,70,2
29384,70,2
29394,70,2
29405,70,2
29415,70,2
29425,70,2
29435,70,2
29445,70,2
29455,70,2
29465,70,2
29475,70,2
29485,70,2
29496,70,2
29506,70,2
29516,70,2
29526,70,2
29536,70,2
29546,70,2
29556,70,2
29566,70,2
29577,70,2
29587,70,2
29597,70,2
29607,70,2
29617,70,2
29627,70,2
29637,70,2
29647,70,2
29657,70,2
29667,70,2
29678,70,2
29688,70,2
29698,70,2
29708,70,2
29718,70,2
29728,70,2
29738,70,2
29748,70,2
29759,70,2
29769,70,2
29779,70,2
29789,70,2
29799,70,2
29809,70,2
29819,70,2
29829,70,2
29839,70,2
29849,70,2
29860,70,2
29870,70,2
29880,70,2
29890,70,2
29900,70,2
29910,70,2
29920,70,2
29930,70,2
29941,70,2
29951,70,2
29961,70,2
29971,70,2
29981,70,2
29991,70,2
30002,70,2
30012,70,2
30022,70,2
30032,70,2
30042,70,2
30052,70,2
30062,70,2
30072,70,2
30082,70,2
30093,70,2
30103,70,2
30113,70,2
30123,70,2
30133,70,2
30143,70,2
30153,70,2
30163,70,2
30173,70,2
30184,70,2
30194,70,2
30204,70,2
30214,70,2
30224,70,2
30234,70,2
30244,70,2
30254,70,2
30265,70,2
30275,70,2
30285,70,2
30295,70,2
30305,70,2
30315,70,2
30325,70,2
30335,70,2
30345,70,2
30356,70,2
30366,70,2
30376,70,2
30386,70,2
30396,70,2
30406,70,2
30416,70,2
30426,70,2
30436,70,2
30447,70,2
30457,70,2
30467,70,2
30477,70,2
30487,70,2
30497,70,2
30508,70,2
30518,70,2
30528,70,2
30538,70,2
30549,70,2
30559,70,2
30569,70,2
30580,70,2
30590,70,2
30600,70,2
30610,70,2
30620,70,2
30630,70,2
30640,70,2
30650,70,2
30661,70,2
30671,70,2
30681,70,2
30691,70,2
30701,70,2
30711,70,2
30721,70,2
30731,70,2
30742,70,2
30752,70,2
30762,70,2
30773,70,2
30783,70,2
30793,70,2
30804,70,2
30814,70,2
30824,70,2
30834,70,2
30844,70,2
30854,70,2
30865,70,2
30875,70,2
30885,70,2
30895,70,2
30905,70,2
30915,70,2
30925,70,2
30935,70,2
30945,70,2
30956,70,2
30966,70,2
30976,70,2
30986,70,2
30996,70,2
31006,70,2
31016,70,2
31026,70,2
31036,70,2
31047,70,2
31057,70,2
31067,70,2
31077,70,2
31087,70,2
31097,70,2
31107,70,2
31117,70,2
31127,70,2
31138,70,2
31148,70,2
31158,70,2
31168,70,2
31178,70,2
31188,70,2
31198,70,2
31208,70,2
31218,70,2
31229,70,2
31239,70,2
31249,70,2
31259,70,2
31269,70,2
31279,70,2
31289,70,2
31299,70,2
31310,70,2
31320,70,2
31330,70,2
31340,70,2
31350,70,2
31360,70,2
31370,70,2
31380,70,2
31390,70,2
31401,70,2
31411,70,2
31421,70,2
31431,70,2
31441,70,2
31451,70,2
31461,70,2
31471,70,2
31482,70,2
31492,70,2
31502,70,2
31512,70,2
31522,70,2
31532,70,2
31542,70,2
31552,70,2
31562,70,2
31573,70,2
31583,70,2
31593,70,2
31603,70,2
31613,70,2
31623,70,2
31633,70,2
31643,70,2
31653,70,2
31664,70,2
31674,70,2
31684,70,2
31694,70,2
31704,70,2
31714,70,2
31724,70,2
31734,70,2
31744,70,2
31755,70,2
31765,70,2
31775,70,2
31785,70,2
31795,70,2
31805,70,2
31815,70,2
31825,70,2
31835,70,2
31846,70,2
31856,70,2
31866,70,2
31876,70,2
31886,70,2
31896,70,2
31906,70,2
31916,70,2
31926,70,2
31937,70,2
31947,70,2
31957,70,2
31967,70,2
31977,70,2
31987,70,2
31997,70,2
32007,70,2
32017,70,2
32028,70,2
32038,70,2
32048,70,2
32058,70,2
32068,70,2
32078,70,2
32088,70,2
32098,70,2
32108,70,2
32119,70,2
32129,70,2
32139,70,2
32149,70,2
32159,70,2
32169,70,2
32179,70,2
32190,70,2
32200,70,2
32210,70,2
32220,70,2
32230,70,2
32240,70,2
32250,70,2
32260,70,2
32270,70,2
32281,70,2
32291,70,2
32301,70,2
32311,70,2
32321,70,2
32331,70,2
32341,70,2
32351,70,2
32361,70,2
32371,70,2
32382,70,2
32392,70,2
32402,70,2
32413,70,2
32423,70,2
32433,70,2
32443,70,2
32453,70,2
32463,70,2
32473,70,2
32483,70,2
32494,70,2
32504,70,2
32514,70,2
32524,70,2
32534,70,2
32544,70,2
32554,70,2
32564,70,2
32574,70,2
32585,70,2
32595,70,2
32605,70,2
32615,70,2
32625,70,2
32635,70,2
32645,70,2
32655,70,2
32666,70,2
32676,70,2
32686,70,2
32696,70,2
32707,70,2
32718,70,2
32728,70,2
32738,70,2
32748,70,2
32758,70,2
32768,70,2
32778,70,2
32788,70,2
32799,70,2
32809,70,2
32819,70,2
32829,70,2
32840,70,2
32850,70,2
32860,70,2
32870,70,2
32880,70,2
32890,70,2
32900,70,2
32910,70,2
32921,70,2
32931,70,2
32941,70,2
32951,70,2
32961,70,2
32971,70,2
32981,70,2
32991,70,2
33001,70,2
33012,70,2
33022,70,2
33032,70,2
33042,70,2
33052,70,2
33062,70,2
33072,70,2
33082,70,2
33092,70,2
33103,70,2
33113,70,2
33123,70,2
33133,70,2
33143,70,2
33153,70,2
33163,70,2
33173,70,2
33183,70,2
33193,70,2
33204,70,2
33214,70,2
33224,70,2
33234,70,2
33244,70,2
33254,70,2
33264,70,2
33274,70,2
33284,70,2
33295,70,2
33305,70,2
33315,70,2
33325,70,2
33335,70,2
33345,70,2
33355,70,2
33365,70,2
33376,70,2
33386,70,2
33396,70,2
33406,70,2
33416,70,2
33426,70,2
33436,70,2
33446,70,2
33457,70,2
33467,70,2
33477,70,2
33487,70,2
33497,70,2
33507,70,2
33517,70,2
33527,70,2
33537,70,2
33548,70,2
33558,70,2
33568,70,2
33578,70,2
33588,70,2
33598,70,2
33608,70,2
33618,70,2
33628,70,2
33639,70,2
33649,70,2
33659,70,2
33669,70,2
33679,70,2
33689,70,2
33699,70,2
33710,70,2
33720,70,2
33730,70,2
33740,70,2
33751,70,2
33761,70,2
33771,70,2
33781,70,2
33791,70,2
33801,70,2
33811,70,2
33821,70,2
33831,70,2
33842,70,2
33852,70,2
33862,70,2
33872,70,2
33882,70,2
33892,70,2
33902,70,2
33912,70,2
33922,70,2
33933,70,2
33944,70,2
33954,70,2
33964,70,2
33974,70,2
33985,70,2
33995,70,2
34005,70,2
34015,70,2
34025,70,2
34035,70,2
34045,70,2
34055,70,2
34065,70,2
34076,70,2
34086,70,2
34096,70,2
34106,70,2
34116,70,2
34126,70,2
34136,70,2
34147,70,2
34157,70,2
34167,70,2
34177,70,2
34187,70,2
34197,70,2
34207,70,2
34217,70,2
34228,70,2
34238,70,2
34248,70,2
34258,70,2
34268,70,2
34278,70,2
34288,70,2
34298,70,2
34308,70,2
34318,70,2
34329,70,2
34339,70,2
34349,70,2
34359,70,2
34369,70,2
34379,70,2
34389,70,2
34399,70,2
34409,70,2
34420,70,2
34430,70,2
34440,70,2
34450,70,2
34460,70,2
34470,70,2
34480,70,2
34490,70,2
34501,70,2
34511,70,2
34521,70,2
34531,70,2
34541,70,2
34551,70,2
34561,70,2
34571,70,2
34581,70,2
34592,70,2
34602,70,2
34612,70,2
34623,70,2
34633,70,2
34643,70,2
34653,70,2
34663,70,2
34673,70,2
34683,70,2
34693,70,2
34703,70,2
34714,70,2
34724,70,2
34734,70,2
34744,70,2
34754,70,2
34764,70,2
34774,70,2
34784,70,2
34795,70,2
34805,70,2
34815,70,2
34825,70,2
34835,70,2
34845,70,2
34855,70,2
34865,70,2
34876,70,2
34886,70,2
34899,70,2
34909,70,2
34919,70,2
34930,70,2
34940,70,2
34950,70,2
34960,70,2
34970,70,2
34980,70,2
34990,70,2
35000,70,2
35010,70,2
35021,70,2
35031,70,2
35041,70,2
35051,70,2
35061,70,2
35071,70,2
35081,70,2
35091,70,2
35101,70,2
35111,70,2
35122,70,2
35132,70,2
35142,70,2
35152,70,2
35162,70,2
35172,70,2
35182,70,2
35192,70,2
35203,70,2
35213,70,2
35223,70,2
35233,70,2
35243,70,2
35253,70,2
35263,70,2
35273,70,2
35283,70,2
35294,70,2
35304,70,2
35314,70,2
35324,70,2
35334,70,2
35344,70,2
35354,70,2
35364,70,2
35374,70,2
35385,70,2
35395,70,2
35405,70,2
35415,70,2
35425,70,2
35435,70,2
35445,70,2
35455,70,2
35465,70,2
35476,70,2
35486,70,2
35496,70,2
35506,70,2
35516,70,2
35526,70,2
35536,70,2
35546,70,2
35556,70,2
35567,70,2
35577,70,2
35587,70,2
35597,70,2
35607,70,2
35617,70,2
35627,70,2
35637,70,2
35648,70,2
35658,70,2
35668,70,2
35678,70,2
35688,70,2
35698,70,2
35708,70,2
35718,70,2
35728,70,2
35739,70,2
35749,70,2
35759,70,2
35769,70,2
35779,70,2
35789,70,2
35799,70,2
35810,70,2
35820,70,2
35830,70,2
35840,70,2
35850,70,2
35860,70,2
35870,70,2
35880,70,2
35891,70,2
35901,70,2
35911,70,2
35921,70,2
35931,70,2
35941,70,2
35951,70,2
35961,70,2
35971,70,2
35982,70,2
35992,70,2
36002,70,2
36012,70,2
36022,70,2
36032,70,2
36042,70,2
36053,70,2
36063,70,2
36073,70,2
36083,70,2
36093,70,2
36103,70,2
36113,70,2
36123,70,2
36134,70,2
36144,70,2
36154,70,2
36164,70,2
36174,70,2
36185,70,2
36195,70,2
36205,70,2
36215,70,2
36225,70,2
36236,70,2
36246,70,2
36256,70,2
36266,70,2
36276,70,2
36286,70,2
36297,70,2
36307,70,2
36317,70,2
36327,70,2
36337,70,2
36347,70,2
36357,70,2
36368,70,2
36378,70,2
36388,70,2
36398,70,2
36409,70,2
36419,70,2
36429,70,2
36439,70,2
36449,70,2
36459,70,2
36469,70,2
36480,70,2
36490,70,2
36500,70,2
36510,70,2
36520,70,2
36530,70,2
36541,70,2
36551,70,2
36561,70,2
36571,70,2
36581,70,2
36591,70,2
36601,70,2
36611,70,2
36622,70,2
36632,70,2
36642,70,2
36652,70,2
36662,70,2
36672,70,2
36682,70,2
36692,70,2
36703,70,2
36713,70,2
36723,70,2
36733,70,2
36743,70,2
36753,70,2
36763,70,2
36773,70,2
36783,70,2
36794,70,2
36804,70,2
36814,70,2
36824,70,2
36834,70,2
36844,70,2
36854,70,2
36864,70,2
36875,70,2
36885,70,2
36895,70,2
36905,70,2
36915,70,2
36926,70,2
36936,70,2
36946,70,2
36957,70,2
36967,70,2
36977,70,2
36987,70,2
36997,70,2
37007,70,2
37017,70,2
37028,70,2
37038,70,2
37048,70,2
37058,70,2
37068,70,2
37078,70,2
37089,70,2
37099,70,2
37109,70,2
37119,70,2
37129,70,2
37139,70,2
37149,70,2
37159,70,2
37170,70,2
37180,70,2
37190,70,2
37200,70,2
37210,70,2
37220,70,2
37230,70,2
37240,70,2
37251,70,2
37261,70,2
37271,70,2
37281,70,2
37291,70,2
37301,70,2
37311,70,2
37322,70,2
37332,70,2
37342,70,2
37352,70,2
37362,70,2
37372,70,2
37382,70,2
37392,70,2
37403,70,2
37413,70,2
37423,70,2
37433,70,2
37444,70,2
37454,70,2
37464,70,2
37474,70,2
37484,70,2
37494,70,2
37504,70,2
37514,70,2
37525,70,2
37535,70,2
37545,70,2
37555,70,2
37565,70,2
37575,70,2
37585,70,2
37595,70,2
37606,70,2
37616,70,2
37626,70,2
37636,70,2
37646,70,2
37656,70,2
37666,70,2
37676,70,2
37687,70,2
37697,70,2
37707,70,2
37717,70,2
37727,70,2
37737,70,2
37747,70,2
37757,70,2
37768,70,2
37778,70,2
37788,70,2
37798,70,2
37808,70,2
37818,70,2
37828,70,2
37839,70,2
37849,70,2
37859,70,2
37869,70,2
37879,70,2
37889,70,2
37899,70,2
37909,70,2
37919,70,2
37930,70,2
37940,70,2
37950,70,2
37960,0,0
37970,0,0
